Attrition,Age,OverTime,MonthlyIncome,JobSatisfaction,WorkLifeBalance,YearsAtCompany,JobLevel,TotalWorkingYears,DistanceFromHome,PercentSalaryHike
Yes,41,Yes,5993,4,1,6,2,8,1,11
No,49,No,5130,2,3,10,2,10,8,23
Yes,37,Yes,2090,3,3,0,1,7,2,15
No,33,Yes,2909,3,3,8,1,8,3,11
No,27,No,3468,2,3,2,1,6,2,12
No,32,No,3068,4,2,7,1,8,2,13
No,59,Yes,2670,1,2,1,1,12,3,20
No,30,No,2693,3,3,1,1,1,24,22
No,38,No,9526,3,3,9,3,10,23,21
No,36,No,5237,3,2,7,2,17,27,13
No,35,No,2426,2,3,5,1,6,16,13
No,29,Yes,4193,3,3,9,2,10,15,12
No,31,No,2911,3,2,5,1,5,26,17
No,34,No,2661,4,3,2,1,3,19,11
Yes,28,Yes,2028,3,3,4,1,6,24,14
No,29,No,9980,1,3,10,3,10,21,11
No,32,Yes,3298,2,2,6,1,7,5,12
No,22,Yes,2935,4,2,1,1,1,16,13
No,53,No,15427,4,3,25,4,31,2,16
No,38,Yes,3944,4,3,3,1,6,2,11
No,24,No,4011,3,2,4,2,5,11,18
Yes,36,No,3407,1,3,5,1,10,9,23
No,34,No,11994,2,3,12,3,13,7,11
No,21,No,1232,4,3,0,1,0,15,14
Yes,34,No,2960,1,3,4,1,8,6,11
No,53,No,19094,3,2,14,5,26,5,11
Yes,32,Yes,3919,1,3,10,1,10,16,22
No,42,No,6825,2,3,9,2,10,8,11
No,44,No,10248,4,3,22,3,24,7,14
No,46,No,18947,1,2,2,5,22,2,12
No,33,No,2496,4,3,1,1,7,2,11
No,44,Yes,6465,4,4,4,2,9,10,13
No,30,No,2206,3,3,10,1,10,9,13
Yes,39,No,2086,4,4,1,2,19,5,14
Yes,24,Yes,2293,4,2,2,1,6,1,16
No,43,No,2645,3,2,5,1,6,2,12
Yes,50,Yes,2683,3,3,3,1,3,3,14
No,35,No,2014,4,3,2,1,2,2,13
No,36,Yes,3419,1,4,1,1,6,5,14
No,33,No,5376,1,3,5,2,10,1,19
No,35,No,1951,4,3,1,1,1,4,12
No,27,No,2341,1,3,1,1,1,2,13
Yes,26,No,2293,3,2,1,1,1,25,12
No,27,No,8726,3,3,9,3,9,8,15
No,30,No,4011,4,3,12,2,12,1,23
Yes,41,No,19545,3,3,22,5,23,12,12
No,34,No,4568,3,3,9,2,10,23,20
No,37,No,3022,2,3,1,1,8,19,21
No,46,Yes,5772,4,3,9,2,14,5,21
No,35,No,2269,4,3,1,1,1,8,19
Yes,48,Yes,5381,3,3,1,3,23,1,13
Yes,28,Yes,3441,3,2,2,1,2,5,13
No,44,Yes,5454,1,2,4,2,9,1,21
No,35,Yes,9884,1,3,4,3,10,11,13
No,26,Yes,4157,4,2,2,2,5,23,19
No,33,Yes,13458,4,3,15,3,15,1,12
No,35,No,9069,1,2,9,3,9,18,22
No,35,Yes,4014,1,3,2,1,4,23,15
No,31,No,5915,4,2,7,2,10,7,22
No,37,No,5993,3,4,7,2,7,1,18
No,32,Yes,6162,4,3,9,2,9,1,22
No,38,No,2406,4,3,10,2,10,29,11
No,50,Yes,18740,3,2,27,5,29,7,12
No,59,No,7637,1,2,21,3,28,25,11
No,36,No,10096,3,3,17,3,17,8,13
No,55,Yes,14756,3,3,5,4,21,8,14
No,36,No,6499,2,3,6,2,6,11,13
No,45,No,9724,1,3,1,3,25,7,17
No,35,No,2194,1,2,3,1,5,1,13
Yes,36,Yes,3388,3,2,1,1,2,9,17
No,59,No,5473,3,2,4,2,20,1,11
No,29,No,2703,2,3,5,1,6,2,23
No,31,No,2501,2,3,1,1,1,1,17
No,32,No,6220,2,3,10,2,10,1,17
No,36,No,3038,4,3,1,1,5,6,12
No,31,No,4424,4,3,11,2,11,8,23
No,35,No,4312,1,3,15,2,16,1,14
No,45,Yes,13245,1,4,0,3,17,6,14
No,37,No,13664,3,4,5,3,16,7,13
No,46,Yes,5021,2,3,4,2,16,5,22
No,30,Yes,5126,4,2,10,2,10,1,12
No,35,No,2859,3,3,6,1,6,1,18
No,55,No,10239,4,3,1,3,24,1,14
No,38,Yes,5329,4,3,13,2,17,6,12
No,34,No,4325,2,3,5,2,5,1,15
No,56,No,7260,4,2,6,3,37,7,11
No,23,No,2322,1,3,0,1,3,2,13
No,51,No,2075,4,3,4,1,10,9,23
No,30,No,4152,4,3,11,2,11,2,19
Yes,46,No,9619,4,3,9,3,9,9,16
No,40,No,13503,2,2,22,4,22,1,22
No,51,Yes,5441,4,1,10,2,11,21,22
No,30,Yes,5209,2,2,11,2,11,4,12
No,46,Yes,10673,1,2,10,3,21,1,13
No,32,No,5010,3,3,11,2,12,6,16
No,54,No,13549,3,1,4,3,16,2,12
No,24,No,4999,3,2,3,2,4,3,21
No,28,No,4221,3,4,5,2,5,4,15
No,58,No,13872,3,2,37,4,38,10,13
No,44,No,2042,2,4,3,2,17,23,12
Yes,37,Yes,2073,1,3,3,1,7,6,22
No,32,No,2956,1,3,1,1,1,1,13
Yes,20,Yes,2926,4,3,1,1,1,6,18
No,34,No,4809,3,3,16,2,16,6,14
No,37,No,5163,4,4,1,2,17,2,14
No,59,No,18844,4,3,3,5,30,2,21
No,50,Yes,18172,2,2,8,5,28,1,19
Yes,25,Yes,5744,3,3,6,2,6,5,11
No,25,No,2889,4,3,2,1,2,7,11
No,22,No,2871,4,3,0,1,1,15,15
No,51,No,7484,1,2,13,3,23,1,20
Yes,34,Yes,6074,3,3,9,2,9,7,24
No,54,Yes,17328,4,3,5,4,23,26,12
No,24,No,2774,3,3,5,1,6,18,12
No,34,No,4505,2,3,1,2,12,6,15
No,37,No,7428,4,3,5,3,12,3,12
No,34,No,11631,1,3,11,3,14,5,12
No,36,No,9738,4,3,9,3,10,11,14
No,36,No,2835,4,3,1,1,7,3,22
No,43,Yes,16959,4,4,25,4,25,26,12
No,30,No,2613,3,2,10,1,10,23,25
No,33,No,6146,2,4,7,2,8,22,13
Yes,56,Yes,4963,2,3,5,1,7,14,18
No,51,No,19537,3,3,20,5,23,6,13
Yes,31,Yes,6172,3,2,7,2,12,6,18
No,26,No,2368,2,2,5,1,5,6,19
Yes,58,No,10312,4,2,40,3,40,23,12
Yes,19,Yes,1675,3,2,0,1,0,22,19
No,22,No,2523,4,3,2,1,3,2,14
No,49,No,6567,1,2,15,2,16,20,14
No,43,No,4739,3,3,3,1,18,28,12
No,50,No,9208,4,3,2,3,16,12,11
Yes,31,Yes,4559,3,3,2,2,4,20,11
No,41,Yes,8189,3,3,9,3,12,9,13
No,26,No,2942,3,3,8,1,8,25,23
No,36,No,4941,2,3,3,2,7,6,20
Yes,51,No,10650,4,3,4,3,18,8,15
No,39,No,5902,3,4,15,2,17,4,14
No,25,No,8639,3,3,2,2,6,28,18
No,30,Yes,6347,4,1,11,2,12,9,19
Yes,32,No,4200,1,4,5,1,10,9,22
No,45,No,3452,4,2,6,1,9,29,13
No,38,Yes,4317,3,3,3,2,19,3,20
No,30,No,2632,3,2,5,1,5,18,14
No,32,No,4668,4,4,8,2,9,9,17
No,30,No,3204,1,3,3,1,8,5,14
No,30,No,2720,4,3,5,1,6,2,13
No,41,No,17181,1,2,7,4,21,10,13
No,41,No,2238,1,3,5,1,7,9,21
No,19,No,1483,2,3,1,1,1,3,14
No,40,No,5605,2,3,20,2,20,26,11
No,35,No,7295,2,3,10,3,10,1,13
No,53,Yes,2306,3,1,7,2,13,6,20
No,45,No,2348,2,1,17,2,20,9,18
No,32,No,8998,4,3,9,3,9,8,14
No,29,No,4319,3,3,10,2,10,1,13
No,51,No,6132,3,3,1,2,10,7,17
No,58,Yes,3346,2,2,1,1,9,9,20
No,40,No,10855,4,2,12,3,15,4,11
No,34,No,2231,3,3,4,1,6,2,18
No,22,No,2323,4,3,2,1,2,19,24
No,27,No,2024,2,1,2,1,6,9,18
No,28,No,2713,4,1,5,1,5,21,11
No,57,Yes,9439,4,1,5,3,12,24,16
No,27,Yes,2566,3,2,1,1,1,3,15
No,50,No,19926,2,3,5,5,21,11,15
No,41,No,2451,3,3,9,1,13,14,12
No,30,No,9419,4,3,10,3,12,5,12
No,38,No,8686,4,4,8,2,12,1,22
No,32,No,3038,3,3,5,1,8,6,20
No,27,Yes,3058,2,2,5,1,6,17,16
Yes,19,No,2325,1,4,0,1,1,1,21
No,36,No,2088,2,2,8,1,13,3,12
No,30,No,3072,1,3,12,2,12,9,11
No,45,Yes,5006,1,4,5,2,9,4,11
No,56,Yes,4257,1,3,2,1,19,8,18
No,33,No,2500,4,4,3,1,4,2,14
Yes,19,No,1102,4,2,1,1,1,2,22
No,46,No,10453,1,3,24,3,24,1,25
No,38,No,2288,4,3,2,1,2,9,12
No,31,Yes,3929,4,3,4,1,7,12,23
No,34,No,2311,2,3,3,1,9,27,15
Yes,41,Yes,3140,2,2,4,1,4,20,22
No,50,No,3690,3,2,3,1,5,1,15
No,53,No,4450,1,3,4,2,5,13,11
No,33,No,2756,2,3,8,1,8,14,13
No,40,No,19033,3,3,20,5,21,4,14
No,55,No,18722,2,3,24,5,36,14,11
No,34,No,9547,3,2,10,2,10,2,17
No,51,No,13734,2,3,7,4,21,3,18
No,52,No,19999,3,3,33,5,34,1,14
No,27,No,2279,2,2,7,1,7,9,16
Yes,35,Yes,5916,3,3,1,2,8,23,13
No,43,No,2089,4,4,5,1,7,7,14
No,45,No,16792,4,3,20,4,22,2,23
No,37,Yes,3564,1,2,8,1,8,21,12
No,35,No,4425,2,3,6,2,10,2,11
No,42,No,5265,3,3,5,2,11,21,16
No,38,No,6553,3,3,1,2,14,2,14
No,38,No,6261,4,1,7,2,9,29,18
No,27,No,4298,1,3,2,2,6,1,19
No,49,Yes,6804,4,3,7,2,7,18,15
No,34,Yes,3815,3,4,5,1,5,10,17
No,40,Yes,2741,4,4,7,2,15,19,15
Yes,38,Yes,6673,1,3,1,2,17,29,19
Yes,29,No,7639,4,2,10,3,10,27,22
No,22,Yes,2328,2,2,4,1,4,5,16
No,36,No,2153,4,3,8,1,8,18,13
No,40,No,4876,4,1,3,2,5,9,14
No,46,No,9396,1,3,4,3,17,1,16
Yes,32,No,10400,4,2,14,3,14,4,11
No,30,No,8474,3,3,11,3,12,1,22
No,27,No,9981,3,3,7,2,7,20,14
No,51,No,12490,2,1,10,3,16,8,16
Yes,30,Yes,2657,1,3,5,1,8,3,11
No,41,Yes,13591,4,3,1,3,16,6,18
Yes,30,No,6696,1,2,6,2,9,26,15
Yes,29,No,2058,3,2,6,1,7,1,14
No,45,No,8865,4,3,19,3,23,6,12
No,54,No,5940,1,3,6,2,16,3,14
No,36,No,5914,2,4,13,2,16,5,16
No,33,No,2622,2,3,3,1,7,4,21
No,37,Yes,12185,4,3,10,3,10,11,14
No,38,No,10609,3,2,16,3,17,3,12
No,31,No,4345,3,3,5,2,6,1,12
No,59,No,2177,4,3,1,1,7,3,17
No,37,No,2793,4,3,9,1,13,4,17
No,29,No,7918,4,3,11,3,11,1,14
No,35,No,8789,3,4,10,3,10,1,14
Yes,29,Yes,2389,4,2,4,1,4,18,13
No,52,No,3212,4,2,2,1,6,2,15
No,42,No,19232,4,3,22,5,22,4,11
No,59,No,2267,3,2,2,1,7,6,17
No,50,No,19517,4,2,7,5,32,1,11
Yes,33,Yes,2436,4,1,5,1,8,14,13
No,43,Yes,16064,4,3,17,4,22,16,22
Yes,33,No,2707,1,4,9,1,13,2,20
No,52,Yes,19068,3,4,33,5,33,2,18
No,32,No,3931,2,3,4,1,6,4,11
Yes,32,Yes,3730,3,1,3,1,4,1,14
No,39,No,2232,3,3,3,1,7,1,14
No,32,No,4465,4,3,3,2,4,26,18
No,41,No,3072,1,2,1,2,17,19,16
No,40,No,3319,4,3,9,2,9,24,17
No,45,No,19202,4,3,24,5,25,1,11
No,31,No,13675,3,3,2,3,9,3,12
No,33,No,2911,4,2,2,1,2,5,13
No,34,No,5957,1,3,11,2,13,2,13
No,37,No,3920,1,2,3,1,17,1,14
No,45,No,6434,3,3,3,2,9,7,17
Yes,37,No,10048,3,3,1,3,17,10,11
No,39,No,10938,3,3,19,3,20,2,25
No,29,No,2340,4,3,6,1,6,15,19
No,42,Yes,6545,1,3,3,2,10,17,13
No,29,No,6931,4,3,3,2,10,20,14
No,25,No,4898,3,3,4,2,5,1,12
No,42,Yes,2593,1,3,9,1,10,2,11
No,40,No,19436,3,3,21,5,22,2,19
No,51,No,2723,4,2,1,1,1,1,11
Yes,31,No,3479,2,4,5,1,6,29,11
No,32,No,2794,2,1,5,1,5,7,20
No,38,No,5249,4,3,8,2,13,2,18
No,32,No,2176,1,3,6,2,9,2,13
No,46,Yes,16872,2,2,7,4,28,2,12
Yes,28,No,3485,3,1,0,1,5,2,11
No,29,No,6644,2,3,0,2,10,2,19
No,31,No,5582,4,3,9,2,10,23,21
No,25,No,4000,1,3,6,2,6,5,12
No,45,Yes,13496,4,3,20,4,21,20,14
No,36,No,3210,4,3,15,1,16,6,11
No,55,Yes,19045,1,3,36,5,37,1,14
Yes,47,Yes,11849,2,2,10,3,10,29,12
No,28,No,2070,4,2,5,1,5,9,23
No,37,No,6502,4,4,5,2,7,6,14
No,21,No,3230,3,4,3,1,3,3,17
No,37,Yes,13603,4,3,5,3,15,1,18
No,35,No,11996,2,2,7,3,10,22,18
No,38,Yes,5605,1,3,8,2,8,7,24
No,26,No,6397,2,1,6,2,6,1,20
No,50,No,19144,2,2,10,5,28,4,14
No,53,Yes,17584,3,2,5,4,21,3,16
No,42,No,4907,3,3,20,2,20,1,25
No,29,No,4554,4,2,10,2,10,2,18
No,55,Yes,5415,4,3,10,2,12,20,19
No,26,Yes,4741,1,3,5,2,5,11,13
No,37,No,2115,4,3,17,1,17,1,12
Yes,44,Yes,3161,3,1,1,1,19,24,22
No,38,No,5745,4,3,2,2,10,23,14
Yes,26,Yes,2373,2,3,3,1,5,16,13
No,28,No,3310,4,3,5,1,5,8,21
No,49,Yes,18665,1,3,3,5,22,10,11
No,36,No,4485,2,3,8,2,10,3,12
No,31,No,2789,2,2,2,1,2,5,11
Yes,26,Yes,5828,4,3,8,2,8,4,12
No,37,Yes,2326,4,2,4,1,4,9,12
No,42,No,13525,2,4,20,4,23,26,14
Yes,18,No,1420,3,3,0,1,0,3,13
No,35,No,8020,2,2,11,3,12,16,15
No,36,No,3688,4,3,1,1,4,18,18
No,51,No,5482,2,3,4,2,13,2,18
No,41,No,16015,2,3,22,4,22,2,19
No,18,No,1200,3,3,0,1,0,10,12
No,28,No,5661,1,3,8,2,9,16,19
No,31,No,6929,4,2,8,2,10,7,11
No,39,No,9613,4,2,18,3,19,1,17
No,36,No,5674,2,3,9,2,11,24,15
No,32,No,5484,3,2,13,2,13,7,14
No,38,No,12061,2,3,10,3,19,25,17
No,58,Yes,5660,3,3,5,2,12,1,13
No,31,Yes,4821,4,3,5,1,6,5,12
No,31,No,6410,1,3,2,2,9,2,12
No,45,No,5210,1,3,24,3,24,7,18
No,31,Yes,2695,4,1,2,1,3,2,18
No,33,No,11878,2,3,10,3,12,5,11
No,39,Yes,17068,1,3,21,4,21,10,14
No,43,No,2455,4,3,8,1,9,10,19
No,49,Yes,13964,3,3,7,4,25,1,12
Yes,52,No,4941,2,2,8,2,11,8,15
No,27,Yes,2478,2,2,4,1,4,5,12
No,32,Yes,5228,2,3,13,2,13,8,11
No,27,Yes,4478,3,3,5,2,5,2,11
No,31,No,7547,4,3,7,2,13,7,12
No,32,No,5055,4,2,7,2,10,2,16
Yes,28,Yes,3464,4,2,3,1,5,2,13
No,30,No,5775,4,3,10,2,11,28,13
No,31,No,8943,3,3,10,3,10,7,24
No,39,No,19272,4,3,21,5,21,7,15
Yes,39,Yes,5238,3,2,1,2,12,3,18
No,33,No,4682,4,2,7,2,9,10,14
No,47,No,18300,3,3,3,5,21,5,11
No,43,No,5257,3,4,9,2,9,10,11
No,27,Yes,6349,2,3,5,2,6,1,13
No,54,No,4869,3,2,4,2,20,20,12
No,43,No,9985,1,2,1,3,10,7,16
No,45,No,3697,4,3,10,2,12,8,14
No,40,Yes,7457,4,2,4,2,6,1,22
Yes,29,Yes,2119,1,2,7,1,7,8,11
No,29,No,3983,4,3,3,1,4,9,17
No,30,No,6118,3,3,10,2,10,5,13
No,27,No,6214,2,3,8,2,8,8,18
No,37,No,6347,4,2,6,2,8,5,16
No,38,Yes,11510,4,3,11,3,12,15,14
No,31,Yes,7143,4,2,11,3,11,7,14
No,29,Yes,8268,2,3,7,2,7,10,14
No,35,No,8095,2,3,16,3,17,5,13
No,23,No,2904,4,2,4,1,4,26,12
No,41,Yes,6032,2,3,5,2,8,6,15
No,47,No,2976,3,3,0,2,5,4,19
No,42,No,15992,4,3,1,4,16,23,14
No,29,No,4649,3,2,4,2,4,2,14
No,42,Yes,2696,3,3,3,1,4,2,11
No,32,No,2370,2,3,8,1,8,2,13
No,48,No,12504,3,1,0,3,15,29,21
No,37,Yes,5974,1,3,7,2,13,6,13
No,30,Yes,4736,3,4,2,2,4,25,12
No,26,No,5296,3,3,8,2,8,1,17
No,42,No,6781,4,3,1,2,14,2,23
Yes,21,Yes,2174,2,3,3,1,3,1,11
No,36,No,6653,4,3,1,2,7,1,15
No,36,No,9699,4,3,13,3,16,3,11
No,57,No,6755,3,3,3,2,15,1,11
No,40,Yes,2213,3,3,7,1,10,10,13
No,21,No,2610,4,2,3,1,3,9,24
Yes,33,Yes,2851,3,3,1,1,1,5,13
No,37,No,3452,1,3,5,1,17,10,20
No,46,No,5258,3,4,1,2,7,7,14
Yes,41,No,9355,2,3,8,2,8,4,18
No,50,No,10496,4,3,4,3,20,10,15
Yes,40,Yes,6380,3,3,6,2,8,22,12
No,31,Yes,2657,2,3,2,1,3,9,16
Yes,21,No,2716,2,3,1,1,1,12,15
No,29,No,2201,4,3,3,1,6,23,16
No,35,No,6540,2,3,1,2,10,9,19
No,27,No,3816,2,3,5,1,5,1,11
No,28,No,5253,4,3,7,2,7,9,16
No,49,No,10965,3,3,5,3,26,7,24
No,51,No,4936,4,2,7,2,18,14,11
No,36,No,2543,3,3,2,1,6,2,13
Yes,34,Yes,5304,4,2,5,2,9,19,13
No,55,Yes,16659,4,3,5,4,30,2,13
No,24,Yes,4260,3,4,5,2,5,10,12
No,30,No,2476,2,3,1,1,1,2,18
Yes,26,No,3102,1,3,6,1,7,3,22
No,22,No,2244,2,3,2,1,2,11,13
No,36,No,7596,3,3,10,3,10,2,13
Yes,30,Yes,2285,4,3,1,1,3,4,23
No,37,No,3034,1,2,18,1,18,14,12
No,40,No,5715,2,3,5,2,8,2,12
No,42,No,2576,1,3,5,1,8,1,16
No,37,Yes,4197,2,2,1,2,18,10,12
No,43,No,14336,2,3,25,4,25,12,11
No,40,No,3448,3,3,1,2,20,2,22
No,54,No,19406,1,2,4,5,24,5,11
No,34,No,6538,3,3,3,2,6,4,15
No,31,No,4306,1,1,13,2,13,7,12
No,43,No,2258,4,3,3,1,8,21,20
No,43,Yes,4522,3,3,5,2,8,8,14
No,25,Yes,4487,4,3,5,2,5,4,11
No,37,Yes,4449,3,3,13,2,15,25,15
No,31,No,2218,1,3,4,1,4,1,12
No,39,Yes,19197,3,3,21,5,21,1,14
No,56,No,13212,1,2,7,4,36,6,11
No,30,No,6577,3,3,5,2,6,12,11
No,41,No,8392,1,3,10,3,10,1,16
No,28,No,4558,1,3,10,2,10,17,12
Yes,25,No,4031,1,3,2,1,6,3,13
No,52,Yes,7969,3,3,5,3,28,3,14
No,45,No,2654,4,2,2,1,8,10,21
No,52,No,16555,4,1,5,4,31,4,13
No,42,No,4556,3,3,5,2,19,29,11
No,30,No,6091,4,3,5,2,11,2,20
No,60,No,19566,1,1,29,5,33,7,11
No,46,No,4810,3,2,10,2,19,18,14
No,42,No,4523,4,4,6,2,7,28,11
Yes,24,Yes,3202,2,3,5,1,6,1,16
Yes,34,No,2351,3,2,2,1,3,6,16
No,38,Yes,1702,4,3,1,1,1,2,23
No,40,No,18041,3,3,20,5,21,2,14
No,26,No,2886,4,1,3,1,3,23,22
No,30,No,2097,4,1,5,1,9,3,15
No,29,No,11935,3,3,10,3,10,3,18
Yes,29,No,2546,2,4,2,1,6,25,16
Yes,19,No,2564,4,4,1,1,1,2,12
No,30,No,8412,1,3,9,3,10,22,11
No,57,No,14118,4,2,1,4,32,29,12
No,50,No,17046,3,3,27,4,28,29,15
No,30,No,2564,4,2,11,1,12,2,14
No,60,No,10266,1,4,18,3,22,28,19
No,47,No,5070,4,3,5,2,20,2,13
No,46,No,17861,3,1,3,4,26,2,13
No,35,No,4230,3,3,5,1,6,22,15
No,54,No,3780,3,3,1,2,19,8,11
No,34,No,2768,3,3,7,1,14,2,12
No,46,Yes,9071,4,3,3,3,15,10,19
No,31,No,10648,2,4,13,3,13,9,25
Yes,33,Yes,13610,3,4,7,3,15,15,12
Yes,33,No,3408,4,3,4,1,8,10,13
No,30,No,2983,2,3,3,1,4,7,14
No,35,Yes,7632,3,3,8,3,10,16,12
Yes,31,No,9824,3,3,1,3,12,20,12
Yes,34,Yes,9950,1,3,3,3,11,23,15
No,42,No,2093,3,3,2,1,8,5,17
No,36,No,9980,4,2,10,3,10,10,14
Yes,22,No,3894,3,3,2,1,4,4,16
No,48,No,4051,4,3,9,2,14,2,14
No,55,No,16835,2,3,10,4,37,18,23
No,41,No,6230,4,3,14,2,16,10,14
No,35,No,4717,3,3,11,2,15,1,11
No,40,No,13237,3,3,20,4,22,6,15
No,39,No,3755,3,3,8,1,8,8,11
No,31,Yes,6582,4,4,6,2,10,2,13
No,42,Yes,7406,1,2,10,3,10,24,21
No,45,No,4805,2,4,8,2,9,2,19
Yes,26,Yes,2741,3,2,7,1,8,17,11
No,29,No,4262,4,4,3,2,8,19,12
No,33,No,16184,3,3,6,4,10,1,19
No,31,No,11557,4,2,5,3,10,7,21
Yes,18,Yes,1878,2,3,0,1,0,5,14
No,40,No,10932,1,3,1,3,20,28,15
No,41,Yes,6811,3,3,8,2,10,2,17
No,26,No,4306,3,3,0,2,8,29,12
No,35,No,4859,3,3,5,2,5,1,16
No,34,No,5337,4,3,10,2,10,21,12
Yes,26,Yes,2340,4,1,1,1,1,24,18
No,37,No,7491,4,4,6,3,12,1,17
No,46,No,10527,3,2,2,3,28,18,11
No,41,No,16595,1,3,18,4,22,2,16
No,37,No,8834,2,3,9,3,9,9,13
No,52,Yes,5577,1,3,10,2,18,6,12
Yes,32,No,4707,3,3,4,2,6,11,12
No,24,No,2400,4,3,2,1,3,24,13
No,38,No,9824,3,3,1,2,18,10,19
No,37,No,6447,2,2,6,2,8,1,12
No,49,Yes,19502,3,3,31,5,31,18,17
No,24,Yes,2725,4,3,6,1,6,23,11
No,26,No,6272,2,4,5,2,6,28,20
No,24,No,2127,2,3,1,1,1,17,21
No,50,No,18200,2,3,32,5,32,3,11
No,25,No,2096,3,3,7,1,7,13,11
Yes,24,Yes,2886,3,3,6,1,6,7,16
Yes,30,No,2033,1,4,1,1,1,12,18
No,34,Yes,3622,4,3,6,1,6,1,13
Yes,31,No,4233,1,1,3,2,9,13,17
No,35,No,3681,4,3,3,2,9,25,14
No,31,No,5460,4,4,7,2,13,6,22
No,27,No,2187,3,2,5,1,6,6,12
No,37,Yes,9602,3,2,3,2,17,2,11
No,20,No,2836,2,4,1,1,1,1,13
No,42,No,4089,4,3,10,2,10,2,13
No,43,Yes,16627,4,2,1,4,21,6,14
No,38,No,2619,1,2,0,1,8,1,17
No,43,Yes,5679,3,3,8,2,10,9,13
No,48,No,15402,1,1,3,4,21,1,11
No,44,No,5985,3,4,2,2,10,1,11
No,34,Yes,2579,3,3,8,1,8,14,18
Yes,27,No,3041,1,3,4,1,5,2,11
No,21,No,3447,3,3,3,1,3,22,11
No,44,Yes,19513,4,4,2,5,26,3,12
No,22,No,2773,3,3,2,1,3,6,20
No,33,No,7104,3,3,5,2,6,8,12
No,32,Yes,6322,4,2,6,2,6,9,12
No,30,No,2083,3,3,1,1,1,3,20
No,53,No,8381,1,4,14,2,18,1,20
No,34,No,2691,4,2,10,1,10,1,12
Yes,45,No,4286,1,3,1,2,5,26,14
No,26,Yes,2659,4,3,3,1,3,6,13
No,37,No,9434,3,3,10,3,10,3,15
No,29,No,5561,3,2,6,2,6,3,14
No,35,No,6646,4,3,17,2,17,6,13
No,33,No,7725,4,1,13,2,15,6,23
No,54,No,10725,2,4,9,3,16,19,15
No,36,Yes,8847,2,3,3,2,13,9,11
No,27,No,2045,4,3,4,1,5,3,13
Yes,20,Yes,1009,3,3,1,1,1,10,11
Yes,33,Yes,3348,1,3,10,1,10,3,11
No,35,No,1281,3,3,1,1,1,3,18
No,23,No,2819,1,4,3,1,5,4,16
No,25,No,4851,2,3,3,2,4,8,22
No,38,No,4028,4,3,7,2,8,7,20
No,29,No,2720,4,3,10,1,10,1,18
No,48,No,8120,2,3,2,2,12,2,12
No,27,Yes,4647,4,3,6,2,6,3,20
No,37,No,4680,4,3,1,1,4,10,17
No,50,Yes,3221,3,3,20,1,20,28,11
No,34,No,8621,2,4,8,3,9,9,14
Yes,24,No,4577,3,3,2,2,4,3,14
No,39,No,4553,3,3,20,2,20,2,11
No,32,No,5396,4,2,10,2,10,10,12
Yes,50,Yes,6796,3,3,4,2,18,8,14
No,38,No,7625,4,2,9,2,10,1,13
No,27,No,7412,1,3,9,3,9,1,11
No,32,No,11159,4,3,7,3,10,3,15
No,47,No,4960,1,3,7,2,20,14,12
No,40,Yes,10475,1,3,18,3,20,5,21
No,53,No,14814,3,3,5,4,32,7,19
No,41,No,19141,4,2,21,5,23,10,15
No,60,No,5405,1,3,2,2,10,16,14
No,27,No,8793,1,2,9,3,9,10,21
No,41,No,19189,3,3,22,5,22,1,12
No,50,No,3875,2,3,2,1,4,8,15
Yes,28,Yes,2216,2,3,7,1,10,1,13
No,36,No,11713,1,3,8,3,10,8,14
No,38,Yes,7861,3,4,1,3,10,1,14
No,44,No,3708,3,3,5,1,9,24,14
No,47,Yes,13770,3,2,22,4,28,3,12
No,30,No,5304,4,2,8,2,10,27,23
No,29,No,2642,3,3,1,1,1,10,11
Yes,42,Yes,2759,3,3,2,1,7,19,12
No,43,No,6804,4,3,2,2,7,15,18
No,34,No,6142,3,3,5,2,10,8,11
No,23,No,2500,1,4,4,1,5,9,14
No,39,No,6389,2,1,8,2,12,3,15
No,56,No,11103,4,2,10,4,30,9,11
No,40,Yes,2342,4,2,4,1,5,2,20
No,27,No,6811,1,1,7,2,9,7,19
No,29,No,2297,2,3,2,1,2,10,14
No,53,No,2450,4,3,2,2,19,6,17
No,35,No,5093,1,4,1,2,16,2,11
No,32,No,5309,4,3,10,2,10,24,15
No,38,Yes,3057,3,1,1,1,6,2,13
No,34,No,5121,1,3,0,2,7,8,14
No,52,No,16856,1,4,34,4,34,3,11
Yes,33,Yes,2686,4,2,10,1,10,1,13
No,25,No,6180,4,2,6,2,6,26,23
No,45,No,6632,3,3,8,2,9,2,13
No,23,No,3505,3,3,2,1,2,10,18
Yes,47,Yes,6397,3,3,5,2,8,27,12
No,34,No,6274,4,3,6,2,6,2,22
Yes,55,Yes,19859,1,3,5,5,24,2,13
No,36,No,7587,1,3,10,3,10,8,15
No,52,No,4258,4,3,4,1,5,19,18
No,26,No,4364,4,3,2,1,5,1,14
No,29,No,4335,3,2,8,2,11,27,12
Yes,26,No,5326,1,2,4,2,6,8,17
No,34,No,3280,4,3,4,1,10,1,16
No,54,Yes,5485,1,3,5,2,9,19,11
No,27,No,4342,4,3,4,2,5,8,19
No,37,Yes,2782,1,2,5,1,6,10,13
No,38,Yes,5980,1,3,15,2,17,2,12
No,34,No,4381,1,3,6,1,6,2,11
No,35,No,2572,4,2,3,1,3,8,16
No,30,No,3833,3,3,2,1,7,1,21
No,40,No,4244,2,3,8,2,8,2,24
No,34,No,6500,1,3,3,2,6,8,17
No,42,No,18430,4,2,24,5,24,8,13
Yes,23,Yes,1601,1,3,0,1,1,6,21
No,24,No,2694,2,3,1,1,1,9,11
No,52,No,3149,3,3,5,2,9,11,20
No,50,No,17639,3,3,4,4,30,2,16
Yes,29,Yes,2319,1,3,1,1,1,1,11
No,33,No,11691,3,4,13,3,14,7,11
Yes,33,No,5324,1,3,3,2,6,16,15
No,47,Yes,16752,4,2,26,4,26,2,11
No,36,No,5228,2,3,9,2,10,1,15
No,29,No,2700,3,3,10,1,10,23,24
Yes,58,Yes,19246,2,3,31,5,40,2,12
No,35,No,2506,3,3,2,1,7,1,13
No,42,Yes,6062,4,3,4,2,8,1,13
Yes,28,No,4382,3,2,2,1,5,2,17
No,36,No,2143,2,3,5,1,8,13,13
No,32,No,6162,3,3,14,2,14,4,12
No,40,No,5094,3,3,1,2,10,16,14
No,30,Yes,6877,4,2,0,2,12,2,24
No,45,No,2274,3,3,1,1,1,2,14
No,42,No,4434,2,2,9,2,10,29,13
No,38,No,6288,1,2,4,2,13,12,15
No,34,No,2553,4,3,5,1,6,16,16
Yes,49,No,7654,4,4,9,3,9,11,18
Yes,55,No,5160,4,2,9,2,12,2,16
No,43,No,17159,1,3,4,4,22,14,24
No,27,Yes,12808,4,3,9,3,9,5,16
No,35,No,10221,3,4,8,3,17,7,21
No,28,Yes,4779,2,3,8,2,8,2,20
No,34,No,3737,4,1,3,1,4,3,19
Yes,26,Yes,2366,3,3,8,1,8,5,14
No,27,No,1706,4,2,0,1,0,3,11
No,51,No,16307,3,2,20,4,29,26,14
No,44,No,5933,2,2,5,2,10,4,12
No,25,No,3424,1,2,4,1,6,2,13
No,33,No,4037,1,3,9,2,9,1,22
No,35,No,2559,1,2,6,1,6,27,11
No,36,Yes,6201,4,2,18,2,18,1,14
No,32,No,4403,4,2,5,2,8,13,11
No,30,No,3761,4,2,5,1,10,5,12
No,53,Yes,10934,4,3,5,3,35,7,18
No,45,Yes,10761,1,3,5,3,18,9,12
No,32,No,5175,3,2,5,2,9,8,12
No,52,No,13826,4,3,9,4,31,25,22
No,37,No,6334,3,3,1,2,9,16,19
No,28,No,4936,4,3,5,1,6,8,13
No,22,No,4775,4,1,2,2,4,1,22
No,44,Yes,2818,4,2,3,1,10,8,24
No,42,Yes,2515,4,3,2,1,8,2,14
No,36,No,2342,1,3,5,1,6,8,21
No,25,Yes,4194,1,3,5,2,5,3,18
No,35,Yes,10685,3,3,17,3,17,9,20
Yes,35,Yes,2022,2,2,10,1,10,25,19
No,32,No,2314,4,3,3,1,4,1,12
No,25,No,4256,1,4,5,2,5,4,12
No,49,No,3580,1,3,4,1,7,1,16
No,24,No,3162,4,2,5,1,6,4,17
No,32,No,6524,2,3,10,2,10,5,14
No,38,No,2899,2,3,2,1,3,9,19
No,42,Yes,5231,4,2,5,2,17,3,13
No,31,Yes,2356,4,3,6,1,8,11,19
Yes,29,Yes,2800,3,3,3,1,5,1,19
No,53,No,11836,4,3,2,4,28,8,14
No,35,No,10903,2,3,13,3,16,25,16
No,37,No,2973,4,3,5,1,10,21,15
No,53,No,14275,4,3,12,4,33,23,18
No,43,No,5562,4,2,5,2,12,1,13
No,47,Yes,4537,4,3,7,2,8,2,22
No,37,Yes,7642,2,3,10,3,10,19,13
No,50,No,17924,1,3,31,4,31,2,11
No,39,No,5204,4,3,5,2,13,2,11
No,33,Yes,2277,2,4,4,1,7,3,11
Yes,32,Yes,2795,4,1,1,1,1,25,24
No,29,No,2532,4,3,4,1,8,7,14
No,44,Yes,2559,1,3,8,1,8,9,13
No,28,No,4908,4,3,4,2,4,5,14
Yes,58,Yes,2380,4,2,1,1,3,2,14
No,43,No,4765,2,4,1,2,4,8,21
Yes,20,No,2044,3,2,2,1,2,2,13
Yes,21,No,2693,4,2,1,1,1,18,19
No,36,Yes,6586,4,2,16,2,17,14,17
No,47,Yes,3294,4,2,3,1,3,2,18
Yes,22,Yes,4171,3,4,3,2,4,3,19
Yes,41,Yes,2778,4,2,7,1,10,2,13
No,28,No,2377,3,3,2,1,6,9,18
Yes,39,Yes,2404,1,1,2,1,8,6,21
No,27,No,2318,3,3,1,1,1,4,19
No,34,No,2008,2,3,1,1,1,10,14
No,42,No,6244,3,3,5,2,10,14,17
No,33,Yes,2799,1,3,3,1,6,1,11
No,58,Yes,10552,2,3,6,3,24,5,13
No,31,No,2329,3,4,7,1,13,7,15
No,35,Yes,4014,4,1,10,2,10,21,25
No,49,No,7403,2,2,26,3,29,8,11
No,48,No,2259,3,2,0,1,13,20,17
No,31,No,6932,3,2,9,2,9,20,13
No,36,No,4678,4,3,6,1,8,7,18
No,38,No,13582,1,3,15,3,15,1,13
No,32,No,2332,2,3,3,1,5,1,20
Yes,25,Yes,2413,2,3,1,1,1,19,18
No,40,No,9705,2,2,1,3,11,10,12
No,26,No,4294,1,3,7,2,7,1,12
No,41,Yes,4721,1,3,18,1,20,6,13
No,36,No,2519,3,3,11,1,16,2,21
Yes,19,Yes,2121,2,4,1,1,1,21,13
Yes,20,No,2973,1,3,1,1,1,4,19
No,31,Yes,5855,4,1,9,2,10,12,11
No,40,Yes,3617,2,3,1,1,3,9,14
No,32,No,6725,1,4,8,2,8,3,12
Yes,36,Yes,10325,4,3,16,3,16,3,11
No,33,No,6949,4,3,5,2,6,1,14
Yes,37,No,10609,3,1,14,3,17,1,11
No,45,No,4447,2,2,9,2,9,4,12
No,29,No,2157,4,3,3,1,3,20,15
No,35,No,4601,3,3,5,2,5,18,16
No,52,No,17099,4,2,9,4,26,1,15
Yes,58,No,2479,3,3,1,1,7,2,24
No,53,No,14852,3,4,17,4,22,2,13
No,30,No,7264,3,4,8,3,10,8,11
No,38,Yes,5666,4,3,5,2,6,10,13
No,35,No,7823,4,3,10,3,12,3,13
No,39,No,7880,3,3,8,3,9,2,18
Yes,40,Yes,13194,2,2,1,4,22,24,16
No,47,Yes,5067,3,4,19,2,20,16,19
No,36,No,5079,4,3,7,2,12,8,13
Yes,31,Yes,2321,1,3,3,1,4,9,22
No,33,No,17444,3,3,10,4,10,17,11
Yes,29,Yes,2404,1,3,0,1,3,10,20
No,33,No,3452,4,3,3,1,5,13,18
No,45,No,2270,4,3,5,1,8,1,14
No,50,No,17399,4,2,5,4,32,1,22
No,33,Yes,5488,2,3,6,2,6,1,13
No,41,No,19419,3,4,18,5,21,9,17
No,27,No,2811,2,3,2,1,4,16,14
No,45,Yes,3633,1,3,9,2,9,23,15
No,47,Yes,4163,4,3,9,2,9,4,17
Yes,30,Yes,2132,3,3,5,1,7,22,11
No,50,Yes,13973,3,3,12,4,22,24,18
No,38,No,2684,3,2,2,1,3,10,17
No,46,No,10845,3,3,8,3,13,7,13
No,24,No,4377,3,3,4,2,5,17,15
Yes,35,Yes,3743,2,1,4,1,5,14,24
No,31,No,4148,1,3,4,2,4,1,12
No,18,No,1051,4,3,0,1,0,5,15
No,54,No,10739,3,3,10,3,22,17,11
No,35,Yes,10388,3,2,16,3,16,25,11
No,30,Yes,11416,1,2,8,3,9,8,12
Yes,20,Yes,2600,1,3,1,1,1,11,15
Yes,30,No,2422,2,3,3,1,4,5,17
No,26,No,5472,4,3,8,2,8,2,12
No,22,No,2451,1,2,4,1,4,8,15
No,48,No,4240,3,3,2,2,19,6,13
No,48,No,10999,3,3,15,3,27,4,14
No,41,No,5003,3,3,2,2,8,7,14
No,39,No,12742,4,3,21,4,21,1,16
No,27,No,4227,4,3,3,2,4,2,18
No,35,No,3917,4,2,3,1,3,10,20
No,42,No,18303,3,4,1,5,21,5,13
No,50,No,2380,4,3,1,1,8,9,18
No,59,Yes,13726,4,3,5,4,30,2,13
Yes,37,No,4777,2,1,1,2,15,11,15
No,55,Yes,6385,2,3,8,2,17,18,14
No,41,No,19973,3,3,21,5,21,7,22
No,38,Yes,6861,4,3,1,2,19,3,12
Yes,26,No,4969,1,3,2,2,7,29,18
Yes,52,No,19845,4,3,32,5,33,2,15
No,44,Yes,13320,4,3,12,4,23,28,18
No,50,No,6347,3,3,18,2,19,1,12
Yes,36,No,2743,1,3,17,1,18,16,16
No,39,Yes,10880,1,3,21,3,21,22,13
No,33,No,2342,4,2,2,1,3,8,19
No,45,No,17650,4,4,9,4,26,11,13
No,32,No,4025,3,3,8,1,10,29,12
No,34,No,9725,4,2,15,2,16,1,11
No,59,Yes,11904,4,1,6,3,14,1,14
No,45,No,2177,2,3,6,1,6,24,16
No,53,No,7525,2,3,15,3,30,2,12
Yes,36,No,4834,3,2,1,2,9,15,14
Yes,26,Yes,2042,1,3,3,1,6,2,14
No,34,Yes,2220,3,3,1,1,1,10,19
No,28,No,1052,2,3,1,1,1,10,22
No,38,No,2821,3,3,2,1,8,3,16
No,50,Yes,19237,3,2,8,5,29,2,11
No,37,No,4107,2,2,4,2,8,3,15
No,40,No,8396,1,2,7,2,8,26,14
No,26,No,2007,3,3,5,1,5,1,13
No,46,No,19627,4,3,2,5,23,1,17
No,54,No,10686,3,3,9,3,13,2,11
No,56,No,2942,3,3,5,1,18,9,19
No,36,No,8858,4,2,14,3,15,12,11
No,55,No,16756,1,4,9,4,31,2,15
No,43,No,10798,4,3,1,3,18,25,13
Yes,20,Yes,2323,4,3,2,1,2,9,14
Yes,21,No,1416,1,2,1,1,1,10,13
No,46,Yes,4615,1,3,16,2,19,8,23
Yes,51,Yes,2461,3,4,10,1,18,4,12
Yes,28,No,8722,1,2,10,3,10,24,12
No,26,No,3955,1,3,5,1,6,1,16
No,30,No,9957,1,2,6,2,7,20,15
No,41,No,3376,3,3,10,1,10,7,13
No,38,No,8823,3,2,19,3,20,17,18
No,40,No,10322,4,3,11,3,14,20,20
No,27,No,4621,3,3,3,1,3,8,19
No,55,No,10976,2,3,3,3,23,2,18
No,28,No,3660,3,4,8,2,10,10,13
Yes,44,No,10482,1,3,20,3,24,1,14
No,33,No,7119,4,3,3,3,9,5,15
Yes,35,Yes,9582,1,3,8,3,9,4,22
Yes,33,No,4508,3,3,13,2,14,29,22
No,28,No,2207,3,2,4,1,4,15,16
No,34,No,7756,4,2,6,2,7,3,17
No,37,Yes,6694,4,3,1,2,8,10,14
Yes,25,Yes,3691,4,4,7,1,7,4,15
Yes,26,No,2377,3,2,1,1,1,21,20
Yes,33,Yes,2313,2,3,2,1,5,25,20
No,42,No,17665,1,3,22,4,23,2,17
Yes,28,No,2596,2,3,1,1,1,1,15
Yes,50,Yes,4728,3,3,0,2,5,1,14
No,33,No,4302,2,3,3,2,4,7,17
No,34,No,2979,4,3,0,1,6,3,17
No,48,No,16885,4,2,5,4,27,1,22
No,45,No,5593,3,3,15,2,15,9,13
No,52,No,10445,2,3,8,3,18,7,19
No,38,Yes,8740,3,3,8,3,9,10,14
No,29,No,2514,4,3,7,1,11,28,22
No,28,No,7655,2,2,9,3,10,3,17
No,46,No,17465,3,3,12,4,23,3,12
No,38,No,7351,2,3,1,3,10,2,16
No,43,No,10820,1,3,8,3,18,27,11
Yes,39,No,12169,4,3,18,4,21,2,11
No,40,No,19626,3,4,20,5,21,14,14
No,21,Yes,2070,2,4,2,1,2,1,11
No,39,No,6782,2,2,5,2,9,9,15
No,36,No,7779,4,3,11,2,18,18,20
No,31,No,2791,4,3,2,1,3,20,12
No,28,No,3201,2,1,5,1,6,2,17
No,35,No,4968,4,3,5,2,5,11,11
No,49,No,13120,2,3,9,4,22,8,17
No,34,No,4033,3,2,3,2,5,2,11
No,29,No,3291,2,2,7,1,8,10,14
No,42,No,4272,4,3,1,2,16,29,19
No,29,Yes,5056,4,2,10,2,10,8,15
No,38,No,2844,3,4,7,1,7,1,13
No,28,Yes,2703,3,3,3,1,3,6,14
Yes,18,No,1904,3,3,0,1,0,8,12
Yes,33,Yes,8224,1,3,5,2,6,9,17
No,41,Yes,4766,4,3,1,1,6,12,11
Yes,31,No,2610,3,2,2,1,2,15,12
No,37,No,5731,4,3,6,2,9,25,13
No,27,No,2539,3,3,4,1,4,6,13
No,34,No,5714,3,2,6,2,6,9,20
No,35,No,4323,3,1,5,1,6,8,17
Yes,29,No,7336,1,1,11,3,11,23,13
No,40,No,13499,3,2,18,3,20,9,17
Yes,42,Yes,13758,1,2,21,4,22,12,12
No,42,No,5155,1,4,6,2,9,4,13
No,35,No,2258,3,3,8,1,10,1,12
No,24,No,3597,2,3,4,1,6,24,22
Yes,28,Yes,2515,4,2,1,1,1,12,11
No,26,No,4420,4,3,8,1,8,3,22
No,30,No,6578,3,3,10,2,10,10,18
No,40,Yes,4422,4,1,1,2,16,26,13
No,35,No,10274,2,4,7,3,15,2,18
No,34,No,5343,1,3,13,2,14,1,20
No,35,No,2376,4,4,2,1,2,4,13
Yes,43,No,5346,3,2,4,2,7,9,13
No,32,No,2827,1,3,1,1,1,2,12
No,56,No,19943,1,3,5,5,28,4,13
No,29,No,3131,4,3,10,1,10,6,13
No,19,No,2552,1,3,1,1,1,9,25
No,45,Yes,4477,3,2,3,1,7,7,19
No,37,No,6474,4,2,14,2,14,1,13
No,20,No,3033,3,2,2,1,2,3,12
Yes,44,Yes,2936,3,3,6,1,6,10,11
No,53,No,18606,3,3,7,5,26,7,18
No,29,Yes,2168,4,2,5,1,6,15,18
Yes,22,Yes,2853,4,3,0,1,1,3,11
No,46,No,17048,1,3,26,4,28,2,23
No,44,No,2290,3,3,0,1,6,17,13
No,33,No,3600,3,3,5,1,5,2,13
Yes,41,No,2107,1,1,1,1,5,5,17
No,30,No,4115,1,3,4,2,8,29,19
No,40,No,4327,2,3,0,2,5,2,12
No,50,No,17856,1,3,2,4,32,2,22
No,28,No,3196,1,3,6,1,6,19,12
No,46,No,19081,2,3,4,5,25,15,11
No,35,Yes,8966,1,3,7,2,15,17,15
Yes,24,No,2210,2,1,1,1,1,17,13
No,33,No,4539,3,2,10,2,10,25,12
No,36,No,2741,3,3,7,1,7,6,14
No,30,No,3491,3,2,10,2,10,7,13
No,44,No,4541,4,3,20,2,20,29,25
No,20,No,2678,4,3,2,1,2,21,17
No,46,No,7379,4,2,6,2,12,2,11
No,42,No,6272,1,4,4,2,10,2,16
No,60,Yes,5220,4,3,11,2,12,7,18
No,32,No,2743,2,3,2,1,2,13,20
No,32,Yes,4998,3,3,8,2,10,2,14
No,36,Yes,10252,1,3,7,3,17,1,21
No,33,No,2781,4,3,14,1,15,9,13
No,40,No,6852,2,4,5,2,7,10,12
No,25,No,4950,4,3,4,2,5,10,14
No,30,Yes,3579,2,3,11,1,12,1,21
No,42,Yes,13191,1,3,1,3,20,26,17
No,35,Yes,10377,4,2,13,3,16,8,11
No,27,Yes,2235,1,2,9,1,9,14,14
No,54,No,10502,3,1,5,3,33,1,17
No,44,No,2011,4,3,10,1,10,2,13
Yes,19,Yes,1859,2,4,1,1,1,10,25
No,29,No,3760,4,3,3,1,3,1,15
No,54,No,17779,4,3,10,4,36,3,14
No,31,Yes,6833,1,2,6,2,6,11,12
No,31,No,6812,1,3,10,2,10,24,19
No,59,No,5171,4,3,6,2,13,3,17
No,43,No,19740,4,3,8,5,25,3,14
No,49,No,18711,3,4,1,5,23,4,13
No,36,No,3692,2,2,11,1,12,3,12
No,48,No,2559,2,2,1,1,7,2,11
No,27,No,2517,3,3,5,1,5,4,11
No,29,Yes,6623,4,3,6,2,6,7,11
No,48,No,18265,4,4,1,5,25,1,12
No,29,No,16124,4,2,7,4,9,1,14
No,34,No,2585,3,2,1,1,2,20,17
No,44,No,18213,2,3,22,5,26,5,11
No,33,Yes,8380,3,3,9,3,10,10,14
No,19,Yes,2994,4,3,1,1,1,25,12
No,23,No,1223,3,3,1,1,1,1,22
Yes,25,Yes,1118,4,3,1,1,1,24,14
No,26,Yes,2875,4,2,8,1,8,4,20
Yes,45,Yes,18824,2,3,24,5,26,2,16
No,55,Yes,13577,2,3,33,4,34,8,15
Yes,21,No,2625,3,1,2,1,2,10,20
No,46,No,18789,2,3,11,5,26,4,14
No,34,Yes,4538,1,3,3,2,4,2,12
No,51,Yes,19847,2,2,29,5,31,9,24
No,59,No,10512,4,2,9,3,25,18,12
No,34,No,4444,2,4,11,2,15,19,13
No,28,Yes,2154,3,2,4,1,5,1,11
No,44,No,19190,1,2,25,5,26,4,14
No,34,No,4490,2,4,10,2,14,11,11
No,35,Yes,3506,3,3,3,1,4,6,14
No,42,Yes,2372,2,3,1,2,18,7,16
No,43,No,10231,4,4,21,3,23,4,14
No,36,Yes,5410,2,3,16,2,18,2,11
Yes,44,No,7978,4,3,10,3,10,15,11
No,28,Yes,3867,4,3,2,1,2,2,12
No,51,No,2838,3,2,7,1,8,6,14
No,30,Yes,4695,3,3,8,2,10,9,18
Yes,29,Yes,3339,3,3,7,1,10,7,13
No,28,No,2080,1,2,3,1,5,1,11
No,25,No,2096,2,2,2,1,2,1,18
No,32,No,6209,4,4,10,2,10,8,15
No,45,No,18061,2,3,0,5,22,25,22
No,39,Yes,17123,2,3,19,4,21,13,13
No,58,No,2372,3,3,2,1,2,23,12
Yes,32,No,4883,3,3,10,2,10,7,18
Yes,39,No,3904,1,3,5,1,6,23,13
No,30,No,4627,4,3,9,2,10,6,12
No,36,No,7094,3,3,7,3,10,10,12
No,46,No,3423,1,4,7,1,10,1,12
No,28,No,6674,4,3,9,2,10,1,11
No,50,Yes,16880,1,3,3,4,25,28,11
Yes,40,Yes,9094,2,3,5,3,9,25,12
Yes,52,Yes,8446,2,2,8,3,10,5,19
No,30,Yes,11916,1,3,9,3,9,17,23
No,39,No,4534,3,3,8,2,9,18,11
No,31,Yes,9852,3,2,10,3,10,2,19
No,41,No,6151,2,3,19,2,19,10,13
Yes,31,Yes,2302,2,4,3,1,3,1,11
Yes,44,No,2362,1,4,3,1,10,3,12
No,42,Yes,17861,3,2,20,4,21,2,13
No,55,No,19187,3,3,19,5,23,2,14
No,56,No,19717,2,3,7,5,36,8,14
No,40,No,3544,3,3,4,1,6,16,16
No,34,No,8500,4,2,9,3,10,9,11
No,40,No,4661,4,3,9,2,9,2,13
No,41,No,4103,1,3,9,2,10,1,17
No,35,Yes,4249,3,3,9,2,9,4,11
No,51,Yes,14026,2,3,33,4,33,5,11
No,38,No,6893,1,3,7,2,11,2,15
No,34,No,6125,1,4,10,2,10,15,12
No,25,No,3669,4,2,3,1,7,19,11
Yes,58,Yes,10008,1,2,10,3,31,7,14
No,40,No,2387,2,3,4,1,7,1,22
No,36,No,4639,1,2,15,2,17,7,16
No,48,No,7898,4,3,10,3,11,4,11
No,27,No,2534,4,3,1,1,5,11,14
No,51,No,13142,2,2,5,4,29,11,16
No,18,No,1611,4,4,0,1,0,1,15
No,35,No,5363,4,3,9,2,10,1,12
No,27,No,5071,4,3,6,2,8,2,20
Yes,55,Yes,13695,3,2,19,4,24,13,17
No,56,Yes,13402,2,3,19,4,33,23,12
No,34,No,2029,3,3,5,1,5,26,20
No,40,No,6377,3,3,12,2,15,2,20
No,34,No,5429,3,3,8,2,10,29,13
Yes,31,No,2785,4,4,1,1,3,2,14
Yes,35,Yes,4614,3,2,4,2,5,18,18
No,38,No,2610,3,3,4,1,4,7,11
No,34,No,6687,4,4,14,2,14,2,11
No,28,No,4724,1,3,5,2,5,26,11
Yes,31,Yes,6179,3,2,10,2,10,22,15
No,39,Yes,6120,4,4,5,2,8,21,12
No,51,No,10596,2,3,4,3,14,2,11
No,41,Yes,5467,4,2,6,2,12,22,14
No,37,Yes,2996,3,3,6,1,8,4,15
No,33,No,9998,4,4,5,2,8,5,13
No,32,Yes,4078,2,2,3,2,4,2,13
No,39,No,10920,3,3,6,3,13,25,21
No,25,No,6232,3,2,3,2,6,18,11
No,52,Yes,13247,3,2,5,4,24,28,11
No,43,Yes,4081,3,1,20,2,20,6,14
No,27,Yes,5769,4,3,6,2,6,10,11
Yes,27,Yes,2394,3,3,8,1,8,17,13
No,26,No,3904,4,3,4,1,5,2,12
No,42,No,16799,1,3,20,4,21,10,14
No,52,No,2950,1,1,5,1,12,8,13
No,37,No,3629,3,3,3,1,8,11,18
No,35,No,9362,4,3,2,3,10,18,11
No,25,No,3229,4,2,3,1,7,1,11
No,26,No,3578,1,3,7,1,8,7,12
No,29,No,7988,1,2,10,3,10,17,13
Yes,49,No,4284,1,3,4,2,20,28,20
Yes,29,Yes,7553,4,3,8,3,9,14,12
No,54,No,17328,4,2,20,4,29,1,19
No,58,Yes,19701,1,3,9,5,32,1,21
No,55,No,14732,4,4,7,4,31,1,13
No,36,Yes,9278,2,3,5,2,15,3,16
Yes,31,No,1359,3,3,1,1,1,1,12
No,30,No,4779,1,3,3,2,8,7,14
No,31,No,16422,2,4,3,4,9,8,11
No,34,No,2996,1,3,4,1,10,1,14
Yes,31,No,1261,2,4,1,1,1,8,12
No,27,No,2099,1,4,5,1,6,11,14
No,36,No,5810,4,2,10,2,10,4,16
No,36,No,5647,1,2,3,2,11,16,13
No,47,No,3420,4,2,6,1,17,1,12
Yes,25,No,4400,1,3,3,1,6,9,12
No,37,No,3500,3,1,6,1,7,5,14
No,56,No,2066,1,4,3,1,5,1,22
No,47,No,17169,3,4,20,4,26,2,19
No,24,Yes,4162,3,3,5,2,5,4,12
No,32,No,9204,4,2,4,2,7,7,12
No,34,No,3294,2,2,5,1,7,1,17
No,41,Yes,2127,3,2,4,1,7,5,12
No,40,No,3975,3,4,8,2,11,9,11
No,31,No,10793,4,3,13,3,13,8,18
Yes,46,No,10096,4,4,7,3,28,9,11
Yes,39,Yes,3646,1,4,1,1,11,2,23
Yes,31,No,7446,2,3,10,3,10,1,11
No,45,Yes,10851,1,3,7,3,24,20,18
No,31,No,2109,2,3,3,1,8,8,18
Yes,31,Yes,3722,4,1,2,1,7,2,13
No,45,Yes,9380,4,4,3,3,10,29,18
No,48,No,5486,1,3,2,2,15,7,11
Yes,34,No,2742,3,3,2,1,2,9,15
No,40,No,13757,2,3,9,3,16,8,11
No,28,No,8463,1,3,5,2,6,5,18
No,44,No,3162,3,3,5,1,7,5,14
No,53,No,16598,2,2,9,4,35,2,12
No,49,No,6651,3,2,3,2,20,5,14
No,40,No,2345,3,4,3,1,8,2,14
No,44,No,3420,2,2,5,1,6,20,13
No,33,No,4373,1,3,4,2,5,7,14
No,34,No,4759,1,3,13,2,15,3,18
No,30,No,5301,3,2,2,2,4,16,15
No,42,No,3673,4,3,12,1,12,9,13
No,44,No,4768,3,2,1,2,11,1,12
No,30,No,1274,3,2,1,1,1,7,13
No,57,No,4900,3,2,12,2,13,1,24
No,49,No,10466,2,3,8,3,29,7,14
No,34,No,17007,1,2,14,4,16,15,14
Yes,28,No,2909,3,4,3,1,5,1,15
Yes,29,No,5765,2,1,5,2,7,13,11
Yes,34,Yes,4599,2,4,15,2,16,24,23
No,35,No,2404,3,3,1,1,1,7,13
Yes,24,Yes,3172,1,2,0,1,4,9,11
No,24,No,2033,2,3,1,1,1,13,13
No,44,Yes,10209,3,2,2,3,16,2,18
No,29,No,8620,3,3,10,2,10,19,14
No,30,No,2064,3,4,5,1,6,1,21
No,55,Yes,4035,3,3,3,2,4,4,16
No,33,No,3838,2,3,5,1,8,4,11
No,47,Yes,4591,3,2,5,2,11,14,17
Yes,28,No,2561,1,2,0,1,8,2,11
No,28,No,1563,3,1,1,1,1,1,14
No,28,No,4898,1,3,4,2,5,7,14
No,49,No,4789,1,3,3,2,10,3,25
No,29,No,3180,2,3,3,1,4,2,13
No,28,No,6549,2,2,8,2,8,29,14
No,33,Yes,6388,3,3,0,2,14,8,17
No,32,No,11244,4,4,5,3,10,10,25
No,54,No,16032,4,3,14,4,26,11,20
Yes,29,No,2362,1,1,9,1,11,1,13
No,44,No,16328,1,4,20,4,24,28,13
No,39,No,8376,2,3,2,3,9,6,18
No,46,No,16606,2,4,13,4,23,3,12
No,35,No,8606,2,1,11,3,11,16,19
No,23,No,2272,3,3,4,2,5,20,14
Yes,40,No,2018,1,1,5,1,15,9,14
No,34,Yes,7083,3,3,10,3,10,1,14
Yes,31,No,4084,3,1,7,1,7,3,12
No,50,Yes,14411,4,3,32,4,32,22,13
No,34,Yes,2308,3,3,11,1,12,7,25
No,42,No,4841,2,3,1,1,4,2,14
No,37,No,4285,4,3,10,2,10,13,17
No,29,No,9715,1,3,7,2,9,8,13
No,33,No,4320,2,3,5,2,5,25,13
No,45,No,2132,4,3,5,1,8,28,20
No,42,Yes,10124,4,1,20,3,24,2,14
No,40,No,5473,1,4,8,2,9,9,12
No,33,Yes,5207,3,3,15,2,15,28,12
No,40,Yes,16437,4,3,21,4,21,6,21
No,24,No,2296,1,3,1,1,2,21,14
No,40,Yes,4069,4,3,2,2,8,8,18
No,45,No,7441,2,3,10,3,10,1,12
No,35,No,2430,3,3,5,1,6,28,23
No,32,No,5878,2,3,7,2,12,5,12
No,36,Yes,2644,4,2,3,1,7,2,21
No,48,No,6439,3,3,8,2,18,16,14
No,29,No,2451,3,2,1,1,5,9,18
No,33,No,6392,1,1,2,2,8,8,13
Yes,30,No,9714,1,3,10,2,10,1,11
No,38,No,6077,3,3,6,2,10,10,11
No,35,No,2450,1,3,3,1,3,1,19
No,30,No,9250,2,3,4,3,9,29,12
Yes,35,Yes,2074,1,3,1,1,1,2,12
Yes,53,No,10169,4,3,33,3,34,2,16
Yes,38,No,4855,2,3,5,2,7,2,11
No,32,No,4087,1,2,6,2,9,1,14
No,48,No,2367,1,2,8,1,10,15,12
No,34,No,2972,4,1,1,1,1,7,13
No,55,No,19586,4,3,36,5,36,26,21
No,34,No,5484,4,2,2,2,9,1,17
No,26,No,2061,4,3,1,1,1,3,21
No,38,No,9924,2,3,9,2,10,14,11
No,38,No,4198,2,4,3,2,8,16,12
No,36,No,6815,3,3,1,2,15,1,13
No,29,Yes,4723,1,3,10,1,10,3,18
No,35,Yes,6142,3,3,5,2,10,10,16
No,39,No,8237,3,3,7,3,11,6,11
No,29,No,8853,4,4,6,2,6,2,19
No,50,Yes,19331,3,3,1,5,27,9,16
No,23,No,2073,3,3,2,1,4,10,16
No,36,Yes,5562,1,3,3,2,9,6,13
No,42,No,19613,4,3,1,5,24,9,22
No,35,No,3407,3,2,10,2,10,28,17
No,34,No,5063,3,2,8,2,8,10,14
No,40,No,4639,1,3,5,2,5,14,15
No,43,No,4876,2,3,6,1,8,27,12
No,35,No,2690,4,2,1,1,1,7,18
No,46,No,17567,1,1,26,4,27,1,15
Yes,28,Yes,2408,2,3,1,1,1,24,17
No,22,Yes,2814,3,2,4,1,4,26,14
No,50,Yes,11245,3,3,30,4,32,20,15
No,32,No,3312,4,3,3,1,6,5,17
No,44,Yes,19049,4,2,22,5,23,7,14
No,30,No,2141,2,2,6,1,6,7,12
No,45,Yes,5769,1,3,10,2,10,5,14
No,45,No,4385,1,3,10,2,10,26,15
No,31,No,5332,1,3,5,2,10,2,13
No,36,Yes,4663,3,3,3,2,7,12,12
No,34,No,4724,4,3,9,2,9,10,13
No,49,No,3211,1,2,9,1,10,25,14
No,39,No,5377,1,3,7,2,10,10,13
No,27,No,4066,1,3,7,1,7,19,11
No,35,No,5208,1,3,16,2,16,18,11
No,28,No,4877,1,2,5,2,6,27,21
No,21,No,3117,4,3,2,1,3,5,18
Yes,18,Yes,1569,4,4,0,1,0,3,12
No,47,No,19658,3,3,5,5,27,26,11
No,39,No,3069,3,3,10,2,11,3,15
No,40,No,10435,3,3,18,3,18,15,13
No,35,No,4148,3,3,14,2,15,8,12
No,37,No,5768,3,2,4,2,9,19,17
No,39,No,5042,3,1,9,2,10,4,13
No,45,No,5770,4,3,10,2,10,2,19
No,38,Yes,7756,3,4,5,3,10,2,19
Yes,35,No,10306,1,3,13,3,15,10,17
No,37,No,3936,2,1,8,1,8,10,11
No,40,Yes,7945,4,2,4,3,18,16,15
No,44,Yes,5743,4,3,10,2,14,1,11
No,48,No,15202,4,3,2,4,23,4,25
Yes,35,Yes,5440,4,2,2,2,7,15,14
No,24,Yes,3760,4,3,6,1,6,2,13
No,27,No,3517,3,3,3,1,5,8,17
No,27,No,2580,4,2,4,1,6,2,13
Yes,40,Yes,2166,1,1,4,1,10,7,14
No,29,No,5869,3,3,5,2,8,10,11
No,36,No,8008,1,3,3,3,9,5,12
No,25,No,5206,3,3,7,2,7,2,17
No,39,No,5295,2,3,5,2,7,12,21
No,49,No,16413,2,3,4,4,27,22,16
No,50,No,13269,1,3,14,3,19,17,15
No,20,No,2783,3,3,2,1,2,2,19
No,34,No,5433,2,3,11,2,11,3,12
No,36,No,2013,2,3,4,1,15,7,11
No,49,Yes,13966,3,3,15,4,30,6,19
No,36,No,4374,3,3,3,2,4,1,15
No,36,No,6842,1,3,5,2,13,3,20
No,54,No,17426,3,3,10,4,36,22,25
No,43,No,17603,3,3,14,4,14,15,24
Yes,35,Yes,4581,4,4,11,2,13,12,24
No,38,No,4735,4,4,13,2,19,1,15
No,29,Yes,4187,2,2,10,2,10,5,13
No,33,No,5505,4,3,6,2,6,2,14
No,32,No,5470,2,2,9,2,10,2,13
No,31,No,5476,4,3,10,2,10,5,11
No,49,Yes,2587,1,2,2,1,17,16,16
No,38,No,2440,2,3,4,1,4,2,22
No,47,No,15972,2,3,3,4,29,2,14
No,49,No,15379,3,3,8,4,23,1,14
No,41,Yes,7082,3,3,2,3,21,23,16
No,20,No,2728,1,3,2,1,2,9,11
No,33,Yes,5368,4,3,6,2,7,16,25
No,36,No,5347,3,2,3,2,10,26,14
No,44,Yes,3195,4,3,2,1,8,1,18
Yes,23,Yes,3989,3,3,5,1,5,8,11
No,38,No,3306,3,2,0,1,7,4,19
No,53,No,7005,4,3,4,3,11,24,15
Yes,48,Yes,2655,3,3,9,1,19,7,11
Yes,32,No,1393,2,3,1,1,1,2,12
No,26,No,2570,4,3,7,1,7,7,20
No,55,No,3537,2,3,4,1,8,22,12
No,34,No,3986,4,4,15,2,15,5,14
No,60,No,10883,4,4,1,3,19,1,20
No,33,No,2028,2,3,14,1,14,21,18
No,37,No,9525,4,2,6,2,6,1,14
No,34,No,2929,4,3,10,1,10,19,12
Yes,23,Yes,2275,4,3,3,1,3,7,21
No,44,Yes,7879,4,3,8,3,9,2,19
No,35,Yes,4930,4,4,5,1,6,2,14
No,43,Yes,7847,4,3,10,2,10,2,17
No,24,No,4401,3,3,5,1,5,9,16
No,41,No,9241,3,3,10,3,10,6,12
No,29,No,2974,3,3,5,1,9,9,17
No,36,No,4502,4,2,13,2,17,2,15
No,45,No,10748,3,2,23,3,25,1,23
Yes,24,No,1555,3,3,1,1,1,22,11
Yes,47,No,12936,3,1,23,4,25,9,11
No,26,No,2305,3,4,3,1,3,17,15
No,45,No,16704,2,3,21,4,21,28,11
No,32,No,3433,3,2,5,1,10,10,13
No,31,No,3477,3,4,5,1,6,2,14
No,41,No,6430,2,3,3,2,10,4,19
No,40,Yes,6516,1,3,1,2,18,8,16
No,24,No,3907,1,4,6,1,6,29,13
No,46,No,5562,2,3,10,2,19,13,14
No,35,No,6883,3,3,7,2,17,27,16
No,30,No,2862,4,2,10,1,10,16,12
No,47,No,4978,2,1,1,2,4,2,11
No,46,Yes,10368,4,2,10,3,13,2,12
Yes,36,Yes,6134,1,3,2,2,16,13,13
Yes,32,No,6735,2,3,0,2,10,1,15
No,23,No,3295,2,1,3,1,3,4,13
No,31,No,5238,4,2,5,2,9,24,20
No,39,Yes,6472,4,3,9,2,9,1,15
No,32,No,9610,3,1,4,3,10,19,13
No,40,No,19833,2,2,21,5,21,7,14
No,45,No,9756,3,4,5,3,9,4,21
No,30,No,4968,1,3,9,1,10,2,16
No,24,No,2145,4,3,2,1,3,10,14
Yes,30,No,2180,4,2,4,1,6,8,11
No,31,No,8346,3,3,5,2,6,5,19
No,27,No,3445,4,2,6,1,6,8,11
Yes,29,No,2760,2,3,2,1,2,9,13
No,29,Yes,6294,3,4,3,2,10,1,12
No,30,No,7140,1,3,7,3,12,15,11
No,34,Yes,2932,4,3,5,1,6,2,14
No,33,No,5147,2,2,11,2,13,2,15
No,49,No,4507,4,4,5,2,8,11,12
Yes,33,Yes,8564,1,2,0,3,11,16,20
No,38,No,2468,2,2,6,1,9,2,14
Yes,31,No,8161,3,3,1,3,10,16,13
No,29,No,2109,1,3,1,1,1,4,13
No,30,No,5294,3,3,7,2,10,16,16
No,32,No,2718,2,3,7,1,12,5,14
No,38,Yes,5811,4,3,1,2,15,18,16
Yes,43,Yes,2437,3,3,1,1,6,17,16
No,42,No,2766,2,2,5,1,7,12,22
No,55,No,19038,1,3,1,5,34,2,12
No,33,No,3055,2,2,9,2,11,4,15
No,41,No,2289,1,3,5,1,5,9,20
No,34,Yes,4001,3,3,15,2,15,10,14
No,53,Yes,12965,3,2,3,4,27,1,20
No,43,No,3539,4,3,9,1,10,2,13
No,34,No,6029,4,3,2,2,6,3,12
Yes,21,No,2679,2,3,1,1,1,7,13
No,38,No,3702,3,3,5,1,5,6,11
Yes,22,Yes,2398,1,3,1,1,1,8,17
No,31,No,5468,4,3,12,2,13,29,14
No,51,No,13116,3,3,2,3,15,3,11
No,37,No,4189,2,3,5,2,5,9,14
No,46,Yes,19328,4,3,2,5,24,2,17
No,36,Yes,8321,1,3,12,3,15,10,13
Yes,44,Yes,2342,2,2,5,1,6,1,12
No,37,No,4071,2,2,10,2,19,8,13
Yes,35,Yes,5813,4,3,10,2,10,27,18
No,33,No,3143,1,3,10,1,14,8,19
No,28,No,2044,4,4,5,1,5,1,11
No,39,No,13464,3,3,4,3,9,10,21
No,46,No,7991,2,3,2,2,6,26,15
No,40,No,3377,1,2,4,1,7,2,17
No,42,No,5538,1,2,0,2,10,13,18
No,35,No,5762,4,3,7,2,15,2,14
No,38,No,2592,2,3,11,1,13,2,13
Yes,34,No,5346,1,2,7,2,11,9,17
Yes,37,No,4213,1,1,10,2,10,10,15
No,39,No,4127,4,3,2,2,7,20,18
No,43,No,2438,3,2,3,1,7,9,13
No,41,No,6870,2,1,3,2,11,5,12
No,41,Yes,10447,3,4,22,3,23,4,13
No,30,No,9667,3,3,7,3,9,10,14
Yes,26,Yes,2148,2,3,5,1,6,20,11
Yes,46,No,8926,2,4,9,2,13,21,22
No,40,No,6513,4,3,5,2,12,1,17
No,34,No,6799,3,3,10,2,10,8,21
No,58,No,16291,2,2,16,4,37,2,22
No,35,No,2705,3,4,5,1,6,23,16
No,47,Yes,10333,2,3,22,3,28,4,12
No,40,No,4448,1,3,7,2,15,12,12
No,54,No,6854,4,2,7,2,14,7,15
No,31,No,9637,1,3,3,3,9,7,14
No,28,No,3591,1,3,3,1,3,1,25
No,38,Yes,5405,4,2,4,2,20,2,20
No,26,No,4684,4,3,5,2,5,10,13
No,58,Yes,15787,3,3,2,4,23,15,14
No,18,No,1514,3,1,0,1,0,14,16
Yes,31,No,2956,1,3,1,1,2,18,17
Yes,29,Yes,2335,1,3,2,1,4,13,15
No,45,No,5154,3,4,8,2,10,2,22
No,36,Yes,6962,2,3,1,2,15,2,22
No,43,No,5675,4,3,7,2,7,2,20
No,27,Yes,2379,4,2,5,1,6,5,14
No,29,No,3812,4,4,11,1,11,20,13
No,32,No,4648,4,4,0,2,4,10,13
No,42,No,2936,3,2,6,1,10,10,22
No,47,No,2105,3,3,2,1,7,9,12
No,46,No,8578,4,2,9,3,12,2,14
No,28,No,2706,4,3,3,1,3,1,15
No,29,No,6384,3,3,7,2,11,29,17
No,42,No,3968,3,3,0,1,8,8,13
Yes,32,Yes,9907,2,2,2,2,7,2,12
No,46,No,13225,1,3,19,4,25,3,12
No,27,No,3540,3,3,9,2,9,23,21
No,29,No,2804,2,3,1,1,1,6,11
No,43,No,19392,3,3,16,5,21,6,13
No,48,No,19665,2,3,22,5,29,10,12
Yes,29,Yes,2439,4,2,1,1,1,24,24
Yes,46,No,7314,2,3,8,3,14,10,21
No,27,No,4774,1,2,7,1,8,15,19
No,39,No,3902,4,3,2,2,7,19,14
No,55,No,2662,4,4,5,1,19,2,20
No,28,No,2856,2,3,1,1,1,3,19
Yes,30,No,1081,4,2,1,1,1,9,13
Yes,22,Yes,2472,2,3,1,1,1,7,23
No,36,Yes,5673,3,3,10,2,10,10,13
No,31,No,4197,3,3,10,2,10,20,11
No,34,Yes,9713,4,3,5,3,9,4,13
No,29,No,2062,1,3,3,1,11,7,14
No,37,Yes,4284,1,3,5,2,16,7,22
No,35,Yes,4788,2,3,3,2,4,16,11
No,45,No,5906,4,2,9,2,10,25,13
No,36,No,3886,4,2,10,2,10,2,21
No,40,No,16823,1,3,19,4,22,1,11
No,26,Yes,2933,3,2,1,1,1,1,13
No,27,No,6500,3,2,8,2,9,2,14
No,48,No,17174,4,3,22,4,24,22,11
No,44,No,5033,1,3,2,2,10,1,15
Yes,34,Yes,2307,1,3,5,1,5,16,23
Yes,56,No,2587,4,3,4,1,5,24,16
No,36,No,5507,2,1,4,2,12,17,16
No,41,No,4393,2,3,5,2,14,8,21
No,42,No,13348,1,4,13,3,18,6,13
No,31,Yes,6583,4,3,5,2,8,10,11
No,34,Yes,8103,4,2,4,2,9,3,12
No,31,No,3978,3,2,2,1,4,4,12
No,26,No,2544,4,3,7,1,8,6,18
No,45,No,5399,3,3,4,2,12,1,12
No,33,No,5487,3,2,10,2,10,10,14
No,28,Yes,6834,4,3,7,2,7,1,12
Yes,29,No,1091,1,3,1,1,1,24,17
No,39,No,5736,3,3,3,2,10,21,19
No,27,No,2226,2,2,5,1,6,2,11
No,34,Yes,5747,4,3,15,2,16,22,15
Yes,28,Yes,9854,3,3,2,2,6,13,11
No,47,No,5467,2,4,8,2,16,14,18
No,56,No,5380,1,3,0,2,6,11,16
No,39,No,5151,1,3,10,2,10,9,25
No,38,Yes,2133,2,3,20,2,20,8,16
No,58,Yes,17875,4,2,1,4,29,21,13
Yes,32,Yes,2432,3,3,4,1,8,5,14
No,38,No,4771,4,4,5,1,10,9,19
No,49,No,19161,4,3,5,5,28,2,15
No,42,Yes,5087,4,3,0,2,14,12,12
Yes,27,No,2863,2,3,1,1,1,22,12
No,35,No,5561,1,1,5,2,6,18,16
No,28,No,2144,3,2,5,1,5,16,14
No,31,Yes,3065,1,4,4,1,4,3,13
No,36,No,2810,2,3,5,1,5,9,22
No,34,No,9888,4,2,14,3,14,1,21
No,34,No,8628,3,2,8,3,9,13,18
No,26,No,2867,1,2,7,1,8,1,13
No,29,No,5373,1,2,5,2,6,1,12
No,32,No,6667,4,3,5,2,9,15,18
No,31,No,5003,1,3,10,2,10,1,21
Yes,28,No,2367,4,2,4,1,6,17,12
No,38,No,2858,1,2,1,1,20,1,14
No,35,Yes,5204,4,3,10,2,10,7,11
No,27,No,4105,4,3,7,2,7,9,14
No,32,No,9679,4,3,1,2,8,5,24
Yes,31,Yes,5617,4,3,10,2,10,26,11
Yes,53,Yes,10448,1,2,2,3,15,24,13
No,54,No,2897,3,2,4,2,9,9,11
No,33,No,5968,3,3,9,2,9,7,20
No,43,No,7510,3,3,10,3,10,11,17
No,38,Yes,2991,2,3,6,1,7,1,11
No,55,Yes,19636,2,3,10,5,35,26,18
No,31,Yes,1129,4,3,1,1,1,2,11
No,39,No,13341,1,3,20,4,21,15,12
No,42,No,4332,3,3,20,2,20,23,12
No,31,No,11031,3,4,11,3,13,10,20
No,54,Yes,4440,1,3,5,2,9,10,19
No,24,No,4617,3,2,4,2,4,1,12
No,23,No,2647,4,4,5,1,5,12,13
No,40,No,6323,3,4,10,2,10,11,11
No,40,No,5677,2,3,11,2,15,2,14
No,25,No,2187,2,3,2,1,6,2,14
No,30,No,3748,2,2,12,1,12,1,13
No,25,Yes,3977,3,2,2,1,7,2,19
No,47,No,8633,3,3,17,3,25,25,23
No,33,No,2008,3,2,1,1,1,1,12
No,38,No,4440,2,3,15,2,16,1,15
No,31,No,3067,3,3,2,1,3,2,19
No,38,No,5321,3,3,8,2,10,6,11
No,42,Yes,5410,1,2,4,2,9,18,17
No,41,No,2782,4,3,5,1,12,1,22
No,47,No,11957,2,1,13,3,14,1,18
No,35,Yes,2660,3,3,2,1,5,11,11
No,22,No,3375,3,4,3,1,4,1,12
No,35,No,5098,3,3,10,2,10,9,19
No,33,Yes,4878,4,3,9,2,10,15,13
No,32,No,2837,2,3,6,1,6,29,13
No,40,No,2406,4,2,1,1,8,1,19
No,32,No,2269,2,3,2,1,3,1,14
No,39,No,4108,4,3,7,2,18,24,13
No,38,No,13206,3,3,18,3,20,10,12
No,32,No,10422,4,3,14,3,14,1,19
No,37,Yes,13744,4,3,16,3,16,10,25
No,25,Yes,4907,3,2,5,2,6,8,22
No,52,No,3482,4,2,9,1,16,29,15
No,44,Yes,2436,4,3,4,1,6,1,12
No,21,Yes,2380,1,3,2,1,2,5,11
No,39,No,19431,4,2,6,5,21,9,13
Yes,23,No,1790,1,2,1,1,1,9,19
No,36,No,7644,4,3,9,3,10,3,19
No,36,No,5131,2,3,4,2,18,4,13
No,56,No,6306,3,2,13,2,13,1,21
Yes,29,Yes,4787,4,4,2,1,4,1,14
No,42,No,18880,3,2,22,5,24,2,11
Yes,56,No,2339,3,1,10,1,14,7,11
No,41,No,13570,2,3,20,4,21,28,23
No,34,No,6712,3,3,8,2,8,28,21
No,36,No,5406,4,2,15,2,15,15,24
No,41,No,8938,2,3,5,2,14,3,11
No,32,No,2439,1,3,4,1,4,2,14
No,35,Yes,8837,4,3,9,3,9,26,16
No,38,No,5343,4,3,10,2,10,10,11
Yes,50,No,6728,3,3,6,2,12,1,12
No,36,No,6652,4,2,6,2,8,11,13
No,45,No,4850,3,3,5,2,8,20,15
No,40,No,2809,3,3,2,1,8,2,14
No,35,Yes,5689,3,4,10,2,10,18,14
No,40,No,2001,3,3,5,1,20,2,14
No,35,No,2977,4,3,4,1,4,1,12
No,29,Yes,4025,2,3,4,2,10,13,13
No,29,No,3785,1,1,5,1,5,28,14
Yes,50,Yes,10854,1,3,3,3,20,28,13
No,39,No,12031,4,2,20,4,21,24,11
No,31,No,9936,1,3,9,2,10,5,19
No,26,No,2966,3,3,4,1,5,5,18
No,36,No,2571,4,3,5,2,17,23,17
No,39,No,9991,1,3,7,3,9,6,15
No,27,Yes,6142,2,3,6,2,6,4,20
No,49,No,5390,2,2,9,2,17,2,14
No,34,No,4404,3,4,4,2,6,8,12
